Pali_Matli.jpg,info
RyanMcCready1.jpg,notinfo
padmakumarav077.jpg,info
PJOnline_News.jpg,notinfo
Rowan4Bernie.jpg,notinfo
TusanESC.jpg,notinfo
ThatNigerian_.jpg,info
PaideiaNews.jpg,notinfo
proshare.png,info
wbutian.jpg,notinfo
tony_rao.jpg,info
vixvix.jpg,notinfo
YoloCountyCA.jpg,info
Otega62605728.jpg,info
thecableindex.jpg,info
proshare.jpg,info
turatlasru.jpg,notinfo
TuratlasJP.jpg,notinfo
nembotavy_0101.jpg,notinfo
sfos_scsh.jpg,notinfo
sanicadurima.jpg,info
sanatana_dharmi.jpg,info
vineetpandey785.jpg,info
UmbrineFatima.jpg,notinfo
saleh202036.jpg,info
videodesignq21.jpg,notinfo
stedas.jpg,notinfo
warriorclassthe.jpg,notinfo
VlackSheepGD.jpg,info
SeadogDriftwood.jpg,info
ShelbyKuttyMD.jpg,notinfo
OzSeekerView.jpg,info
QaunainM.jpg,info
ravi_idc.jpg,notinfo
punthep1987.jpg,info
__why_so_blue.jpg,info
SalfordCouncil.jpg,notinfo
RALee85.jpg,notinfo
trevbobbean.jpg,info
NdivhoSinyegwe.jpg,info
opjha.jpg,info
shamologyy.jpg,info
SuklaPaul12.jpg,info
seer116dAult.jpg,notinfo
timothuney.jpg,info
myvaluepicks.jpg,notinfo
qatarmarketers.png,info
silvestromedia.png,notinfo
SANDROANDRINE.jpg,info
_SametKaya.jpg,notinfo
SinanOku5.jpg,notinfo
taggy_.jpg,info
VUMChealth.jpg,info
WashoeCountyAQ.jpg,info
Out5p0ken.jpg,info
RavenVGill.jpg,info
Poontany.png,notinfo
UNLNutritionEd.jpg,info
russellbrandom.jpg,notinfo
wildfirediva.jpg,notinfo
waterfordit.jpg,notinfo
ProfManagement.jpg,info
rwdettman.png,notinfo
rWesAnderson.png,notinfo
Zidivo.png,info
zestylime.jpg,notinfo
wnnw55.jpg,info
ongtoeyy.jpg,notinfo
UtkarshJodhpur.jpg,info
nicetripsonline.jpg,info
Robert_Fendart.jpg,notinfo
RitikaG69283079.jpg,info
wickedproblema1.jpg,notinfo
Planet_Irony.jpg,info
thapelo4god.jpg,info
NantHealth.jpg,info
Status_Social.jpg,info
ramysamir1985.jpg,info
VivandOak.jpg,info
oneminutetrader.jpg,notinfo
pianogiordano.jpg,notinfo
SarahMLdnEnBr2.jpg,info
wpblackbelt.jpg,info
RxmanSmart.jpg,notinfo
PHIAirMed.jpg,notinfo
RomainLiquard.jpg,info
Nadia__Rafiq.jpg,info
ProfessorTom.jpg,info
ScienChris.jpg,info
Reef_World.jpg,notinfo
teamwork.png,notinfo
yeng_kei.jpg,info
ValuistBlog.jpg,notinfo
technogiants.jpg,notinfo
NHSGLibraries.jpg,info
Tokyofamilies.jpg,info
ZaknafienDC.png,info
WSFIA.jpg,info
realKhanhTran.png,notinfo
SportaSmile.png,notinfo
UNCTAD_TLB.jpg,info
ramkid.jpg,notinfo
YanihhQ.png,notinfo
Sambad_English.jpg,notinfo
WISERPolicy.jpg,notinfo
TolaniOnigbanjo.jpg,info
Sterling_65.jpg,info
tvdave.jpg,notinfo
Tiffany87948981.jpg,info
RedeemerWE.jpg,info
Smatter20.jpg,info
stratroots.jpg,notinfo
OUbowers.jpg,info
SportsScienceRS.jpg,info
sbcrisis.jpg,info
steube.jpg,notinfo
RxmanSmart.png,info
VenusFrescoPool.jpg,info
Wilbert.jpg,info
NYOGMD.jpg,notinfo
ThrownIntoSol.jpg,info
SciAdvLI.jpg,info
Primal_Digest.jpg,info
SPGlobal.jpg,notinfo
networkmidlands.jpg,notinfo
scullymulder01.jpg,notinfo
SelectHubCMMS.jpg,info
whatdedickens.jpg,notinfo
RealGenghis.png,info
usxta.jpg,info
Sebasti34392172.jpg,notinfo
pwfitnessca.jpg,notinfo
RThernthamiz.jpg,info
SHANZAIQBAL6.jpg,notinfo
Oat_SaRun.jpg,info
SBI_Barcelona.jpg,info
sotollano.jpg,info
Uniqu3Solution.jpg,info
surejshams.jpg,info
PNPBarlig.jpg,info
TradeBrainsGrp.jpg,info
softrookies.jpg,notinfo
PNPLubuagan.jpg,info
SmithJerik.jpg,info
Plat4omLive.jpg,notinfo
ReddePayments.jpg,info
RevRickshaws.jpg,info
Ruevian.jpg,notinfo
statelibraryor.jpg,info
NewtonGroupSM.jpg,notinfo
SunashiPoGo.jpg,notinfo
ruseDonaldTrump.jpg,notinfo
xandatoto.jpg,notinfo
tammyklein.jpg,info
SERAC_BD.jpg,notinfo
NRCgov.jpg,notinfo
pricie2.jpg,notinfo
PatriotSoftware.jpg,info
sandersonrx.jpg,notinfo
researchexplain.jpg,info
patientaccess.jpg,info
mustafaakbell.jpg,notinfo
vg123e.png,info
OrleansMA.jpg,info
smarogers.jpg,info
Speedeonic.jpg,info
SSXman2.jpg,info
OMGStacks.jpg,notinfo
SanjayG1903.jpg,notinfo
stephenbrooksUK.jpg,info
wptsky.jpg,info
PhDole.png,info
sudeepkhatri.jpg,notinfo
procm2.png,notinfo
onojerome.jpg,info
SipraMi04169408.jpg,info
SaveETopps.jpg,notinfo
TimEbner.jpg,notinfo
savelittlebay.jpg,notinfo
NathanASears.jpg,info
SomniaInc.jpg,info
The_Apparently_.jpg,info
stevebezos.jpg,notinfo
NewtLabsLtd.jpg,notinfo
Richard_S81.jpg,info
TheArborDental.jpg,info
PineRidgeUCOMC.jpg,notinfo
tosee2020.jpg,info
txchapteracc.jpg,info
theoasisnails.jpg,info
VascProtection.png,notinfo
wokyleeks.png,notinfo
SenterDerm.jpg,notinfo
WPSP_IAPH.jpg,notinfo
RickRockMex.jpg,info
WRNAmbassadors.jpg,notinfo
RuleXRP.jpg,info
postradamusapp.jpg,notinfo
PHWEvidence.jpg,notinfo
vphull.jpg,notinfo
pearswick.jpg,info
SDCconsults.png,info
Rainmaker1973.jpg,info
PMRCZAMBIA.jpg,notinfo
SagarikaSenap14.jpg,info
paulemmanuelng.jpg,notinfo
SujitkumarMish5.jpg,info
poetanarchy88.jpg,info
WonderWendy11.jpg,notinfo
SatMForever.jpg,notinfo
nisa_kay.jpg,notinfo
Vadilson_Vix.jpg,info
ToolsForCoaches.jpg,notinfo
thistabithahope.jpg,notinfo
ThatoMolemo.jpg,notinfo
myfunneldoctor.jpg,info
westernmedia.jpg,notinfo
SCPSPhysEd.jpg,info
_nick_clay_.png,notinfo
RoniTaylor702.jpg,notinfo
yoshihyde.jpg,notinfo
voringhao.jpg,notinfo
speechhearbc.jpg,notinfo
radiosvoboda.png,info
tsulaniiii.jpg,notinfo
Qanuck_1975.jpg,notinfo
SalamIslam110.jpg,info
ukrafisarker201.jpg,info
table_ann.jpg,notinfo
tongueofangels.png,info
okkitoko.jpg,info
yourstrulymrk.jpg,info
softforatz.jpg,notinfo
UHAHealth.jpg,notinfo
PureKeri.jpg,info
PPallaviP.jpg,info
Scieducation1.jpg,info
techknowledeist.jpg,notinfo
xqmeng.jpg,notinfo
SubRosa1776.jpg,notinfo
VedicHealing1.jpg,info
yayitzheather.jpg,notinfo
RewardPortal_.jpg,notinfo
ProperGuide.jpg,info
whereisjoon.jpg,notinfo
PurePopMedia.jpg,notinfo
pluralsense.png,info
SocialGuru007.jpg,info
_unusual_pearl.jpg,info
TimInLasVegas.jpg,notinfo
VisualCap.jpg,notinfo
YouuungK.jpg,info
Stupido_Bot1.jpg,notinfo
RickRMehta.jpg,info
Surasak80181953.jpg,info
PeayaWto.jpg,notinfo
VojtechGybas.jpg,info
womaneasy.jpg,notinfo
najeebster.jpg,info
MyProfectum.jpg,notinfo
Ro_nan1.jpg,info
SmartOfficeHelp.jpg,notinfo
yoshihyde.png,info
my_ueg.jpg,info
sitimaisarah50.jpg,info
paula_hall.jpg,info
ozil_parker.jpg,info
pxqp2.jpg,notinfo
SABCNews.jpg,notinfo
prodigalgeek.png,notinfo
sakhi_yns.jpg,info
SrabaniSamanta3.png,info
UnlockBiz.jpg,notinfo
SolarPrepper.jpg,notinfo
otvnews.jpg,info
netbacker.jpg,notinfo
The_Grovenator.jpg,info
MyCrohnsTeam.jpg,notinfo
SarahTSwartz.jpg,info
ronitaylor.jpg,notinfo
wilbur_donovan.png,info
thawatc24712376.jpg,info
PAHOemergencies.jpg,notinfo
the_tv_mindset.jpg,notinfo
ScottPValentine.jpg,notinfo
OvesEnterprise.jpg,info
SocialMediaROC.jpg,notinfo
unmei_s.jpg,notinfo
tendacademy.jpg,info
tidoo.jpg,notinfo
YounglistanCom.png,notinfo
zzz30bmx.jpg,notinfo
tariq__malik.jpg,info
QuietGiversNC.jpg,info
pluralsense.jpg,notinfo
WaterfordPL.jpg,notinfo
parfaitOkaa.jpg,info
NCScredit.jpg,notinfo
RepairCafeAN.jpg,info
mynewsghana.jpg,notinfo
Team_Scherer.jpg,notinfo
-vKPbjO4rC4.jpg,notinfo
geQbjXYkt9E.jpg,info
Wuj2vVTP-cI.jpg,notinfo
610BFRYK31I.jpg,notinfo
EamFDKZ3FMY.jpg,notinfo
rp30h85aQ0Q.jpg,notinfo
VmBpbI9M0M4.jpg,notinfo
6_YE3gy_gbQ.jpg,notinfo
I5A7oW933yE.jpg,notinfo
nCFxTQV_q9o.jpg,notinfo
FGRLnE2CGn8.jpg,notinfo
BJUF6fyYPaw.jpg,notinfo
q4h73nr9nOk.jpg,notinfo
-jICrKLJQ7o.jpg,notinfo
gH9Z7LkJkME.jpg,notinfo
90EBOzpKNPQ.jpg,notinfo
HlKS-HaUEHs.jpg,notinfo
oTcFpXuhrHw.jpg,notinfo
wtdXYUZuYKQ.jpg,notinfo
0X6sEvSJxas.jpg,notinfo
JOewLvMqdf8.jpg,notinfo
ocNX_3_HOMg.jpg,notinfo
HfMQJHAGohQ.jpg,notinfo
GmreJC6x3Qg.jpg,notinfo
JciQDU-mLII.jpg,notinfo
T_AKohJUdow.jpg,notinfo
qerfHAnHJcU.jpg,notinfo
OxtbNfRYhzI.jpg,notinfo
cktB5EirLn8.jpg,notinfo
x1b-A0-NQ1s.jpg,notinfo
tkiukwNqeOY.jpg,notinfo
XG_oD9-ZLKs.jpg,notinfo
Z544Y-Pt_eA.jpg,notinfo
oI34hqIWy-8.jpg,notinfo
ViblnkvHYKk.jpg,notinfo
hkJsoE-_0vo.jpg,notinfo
3j0asuIdULY.jpg,notinfo
YmACbYH1q9A.jpg,notinfo
nSLdOz4fFRQ.jpg,notinfo
A0HZ7uC2txk.jpg,notinfo
f7MtheMfksk.jpg,notinfo
mDH90TR3Ic0.jpg,notinfo
GRZHvhDpm1g.jpg,notinfo
gQIWlK9SEaA.jpg,notinfo
G9cVR9qaX98.jpg,notinfo
UwHCQiALHRo.jpg,notinfo
br5JtMeKh_o.jpg,notinfo
wZdA0HYTIO0.jpg,notinfo
QDMpzQwznf0.jpg,notinfo
pZw__ZSeA50.jpg,info
rZxBmpyilLQ.jpg,notinfo
5wKG5DqbBhs.jpg,notinfo
8vZw0iYDteA.jpg,notinfo
kq2Vv5a6aVs.jpg,notinfo
BG-H_CiJmqQ.jpg,notinfo
lJ3UhlPxRiA.jpg,notinfo
3X-HJRucmE0.jpg,notinfo
j3BlBeBwxHo.jpg,notinfo
mx5WslCkEh0.jpg,notinfo
w43eMM014Wg.jpg,notinfo
rv7yYMWCHuk.jpg,notinfo
ryjg7REKWjU.jpg,notinfo
GgWxV5CL2p0.jpg,notinfo
xRtM0J2JCoY.jpg,notinfo
ieO7IL6zcI8.jpg,notinfo
_GuWyZrI68g.jpg,notinfo
XLfcChOCh6U.jpg,notinfo
Fk19ooX1fV8.jpg,notinfo
Cl8iDlk008c.jpg,notinfo
vopqnSkx_ao.jpg,notinfo
OsYWm4ILo9E.jpg,notinfo
6xkHi6C2H8c.jpg,notinfo
h7XDkR2fn70.jpg,notinfo
jSAb1ifwf8Y.jpg,notinfo
hPul3X04RmY.jpg,notinfo
I8yPOHfMzVw.jpg,notinfo
N7rBQcnvR1E.jpg,notinfo
PXqOb63OLg4.jpg,notinfo
ncoT-mZY8sc.jpg,notinfo
S95EQl9CzNE.jpg,notinfo
ifdXPzv6MZY.jpg,notinfo
SgkdPTwiRBk.jpg,notinfo
UCMMbOBunUo.jpg,notinfo
lXPiMwRWCLM.jpg,notinfo
Nhw8560tDRE.jpg,notinfo
uFNfT-nVKFs.jpg,notinfo
NBkWRyNsem8.jpg,notinfo
jrMrcxFQW44.jpg,notinfo
ornZV1YJNNo.jpg,notinfo
QagU0gzthnM.jpg,info
oT4OxxU7yx4.jpg,notinfo
mF2iDG2vFfk.jpg,notinfo
Vv7l-akwNZI.jpg,notinfo
4DUqccaZUGY.jpg,notinfo
tf-dVnIN8sk.jpg,notinfo
uZZYr09bz-0.jpg,notinfo
YoDF1S5bABM.jpg,notinfo
iUmPIgacUOo.jpg,notinfo
2527Xq95s3s.jpg,notinfo
DWSJ71tvuzc.jpg,notinfo
BJwhBDWE6tM.jpg,notinfo
HB6bvt7GP50.jpg,notinfo
5fwU9Af82Cc.jpg,notinfo
PqsImnjuElM.jpg,notinfo
LY52b95RmGI.jpg,notinfo
KgeRD0oK8o8.jpg,notinfo
1oXA0HUWrHk.jpg,notinfo
kMHY7c5dypU.jpg,info
SzaL0DABFhc.jpg,notinfo
xubjjRizSs8.jpg,notinfo
wMKhUEdaJh4.jpg,notinfo
tzymjuiSqCE.jpg,notinfo
SwTHV2bjXOU.jpg,notinfo
KrE9ahhsCow.jpg,notinfo
iAz_fQ9Rkqk.jpg,notinfo
89Y7EE4WXdQ.jpg,notinfo
n6qiiQlD_i8.jpg,notinfo
uttpvPp-Zlo.jpg,notinfo
GV7BikTLMmI.jpg,notinfo
ASXtbG1JB58.jpg,notinfo
5QaAGhK7KWo.jpg,notinfo
JeI_5y-ZjFo.jpg,notinfo
6HMdAij5lfs.jpg,notinfo
rm6uWsMj3RA.jpg,notinfo
GU-eOLacqUo.jpg,notinfo
0wPJeUQ8Wzw.jpg,notinfo
trIL--5GiB0.jpg,notinfo
koKUZICc9c8.jpg,notinfo
NvoMPkxT5Mg.jpg,notinfo
HVmQdrB-iFw.jpg,notinfo
DbTK5qgxo9U.jpg,notinfo
ooeXJAdu7o8.jpg,notinfo
kcJr7qBdhKY.jpg,notinfo
ECDZUu1pyKM.jpg,notinfo
qijkjkJm63c.jpg,notinfo
PdXqqLO6jtw.jpg,notinfo
weoUAf3NCHE.jpg,notinfo
r5JhabnwLzg.jpg,notinfo
3qPHqRGEihg.jpg,notinfo
23Lkbx2603o.jpg,notinfo
O9mefkq5eP8.jpg,notinfo
5qadpF03vKA.jpg,notinfo
n9zTCCh7XLU.jpg,notinfo
Ds7ISradumM.jpg,notinfo
IIS6ZDWTYh8.jpg,notinfo
4MRqV9gcUHQ.jpg,notinfo
zGaxf67vuAo.jpg,notinfo
pfThjuy_jUA.jpg,notinfo
TQek12noEcE.jpg,notinfo
3g1F-2_6idU.jpg,notinfo
OcqGIG3Pkm8.jpg,notinfo
-0YZgPxq04k.jpg,notinfo
7m0S39Eiu2Y.jpg,notinfo
DFJwfPSYYGs.jpg,notinfo
naXQcJBSwXg.jpg,notinfo
f3VCMXYdtJw.jpg,notinfo
HCIy15Z3GSU.jpg,notinfo
p7KKwjP3s68.jpg,notinfo
Pvf_WTiFGng.jpg,notinfo
J3pLliEQu3Q.jpg,notinfo
eLrm5XWc6fs.jpg,notinfo
YVPjzz2QLwY.jpg,notinfo
P2KJW6lU75s.jpg,notinfo
LoKZfSHECz4.jpg,notinfo
7pPtznTrLIo.jpg,info
joL0nSbZ-lI.jpg,notinfo
vEZAleEjXes.jpg,notinfo
IcHcEZrGuOA.jpg,notinfo
1W2j44SNEGo.jpg,notinfo
wMaUWhnah7E.jpg,notinfo
DIeJUR8Ah8g.jpg,notinfo
lQINslW5lR8.jpg,notinfo
x3CAAe71m4w.jpg,notinfo
I9xy98wgBrA.jpg,notinfo
lDPYZq558AE.jpg,notinfo
PHduitZ_9_g.jpg,notinfo
_FRKHdiPXYs.jpg,notinfo
FdPhHdr34II.jpg,notinfo
_iHOjt-cdyw.jpg,notinfo
2wxKenQLwWk.jpg,notinfo
X9sRgcTGUG0.jpg,notinfo
-qjyRp9BKao.jpg,notinfo
nhozq0I-tTA.jpg,notinfo
HRiWB297tKQ.jpg,notinfo
iB8oH3L4eu8.jpg,notinfo
2vCJwlEM8oQ.jpg,notinfo
HXMHCHjD-Go.jpg,notinfo
TvTWjoegcW0.jpg,notinfo
HyZ5mVB5nPI.jpg,notinfo
GQErOdSC2HQ.jpg,notinfo
2jyJLvWWQOk.jpg,notinfo
y1G7XkzGN5Q.jpg,notinfo
HDfNrWfAucA.jpg,notinfo
U0NV4KPE-K8.jpg,notinfo
o98daO1NW-g.jpg,notinfo
1Crk-7TX198.jpg,notinfo
tmEhyp9TmqQ.jpg,notinfo
HFwW5sAH5FU.jpg,notinfo
fpkJcDHNO-A.jpg,notinfo
qkLnBp5SYwU.jpg,notinfo
YcMVXvSFj7s.jpg,notinfo
0s0WCiys0ZI.jpg,notinfo
z0-E1YPrQ5Y.jpg,notinfo
fwXkHBFoETE.jpg,notinfo
